{
  "episodes": 2500,
  "device": "cuda",
  "action_space": "225 coordinate waypoints over remembered reachable cells",
  "success_last_100": 0.95,
  "avg_reward_last_100": 154.46590444966859,
  "avg_loss_last_100": 8.12658317565918
}